id,property_name,city,state,zip,unit_count,broker,source,current_property_address,hellodata_status,street_address,confirmed,classic_units_remaining,market_cap_rate,regulatory_risk
14bb8eaa-786e-4ab6-ba06-508407b0fb4d,2950 North Apartments,Greenville,SC,29615,156,,manual,2950 East North Street,pending,2950 East North Street,,,,
d8e3c800-439d-4d1c-9222-c6a681099295,2950 North Apartments,Greenville,SC,29615,156,,manual,"2950 East North Street, Greenville, SC, 29615",pending,"2950 East North Street, Greenville, SC, 29615",,,,
c9d0b50e-0dbb-4494-8a3e-8ba776254ec6,5401 Cornell,Chicago,IL,60615,163,,manual,"5401 South Cornell Avenue, Chicago, IL, 60615",pending,"5401 South Cornell Avenue, Chicago, IL, 60615",,,,
97cb8a55-0f45-4182-97ce-f23646b155f7,Arlington Club Apartments,Wheeling,IL,60090,430,CBRE,manual,"1533 Baldwin Court, Wheeling, IL, 60090",pending,"1533 Baldwin Court, Wheeling, IL, 60090",,,,
a50ae279-c43a-4c46-a1a0-bae5bcebd8b8,Autumn Run,Naperville,IL,,320,SVN,manual,,pending,,,,,
cf0c1258-36da-4d73-b3f2-b32bc1626548,Avery Pointe,Hilliard,OH,43026,176,Newmark,manual,,unmatched,,,,,
c2a98c52-6889-487e-aae3-25aefe76df2b,Brampton Moors,Cary,NC,27513,224,,manual,"101 Brampton Lane, Cary, NC, 27513",pending,"101 Brampton Lane, Cary, NC, 27513",,,,
b08facc8-d037-4643-856d-4665b7d8e40e,Brampton Moors,Cary,NC,27513,224,,manual,"101 Brampton Lane, Cary, NC, 27513",pending,"101 Brampton Lane, Cary, NC, 27513",,,,
43006be3-2f7b-4015-bcd4-5ed7479bd6d1,Brentmoor Apartments,Raleigh,NC,27604,228,Berkadia,manual,2080 Brentmoor Dr,pending,2080 Brentmoor Dr,,,,
45406cea-5786-414c-980a-a7b859d55b2f,East Park Apartments,,,,,,manual,,pending,,,,,
90c23b8e-afd7-41da-9ccc-6d3a4c7e5395,Forester,Charlotte,NC,28212,282,,manual,"2025 Timber Oaks Lane, Charlotte, NC, 28212",pending,"2025 Timber Oaks Lane, Charlotte, NC, 28212",,,,
88af505c-bfa4-4071-a4b7-6310aa3212b1,Hawthorne at Oak Ridge,Greensboro,NC,,297,Newmark,pipeline,,pending,,,,,
33bf09b1-0318-4de9-be1b-7c0f52976547,Hilliard Station Apartments,Hilliard,OH,43026,656,,manual,"5300 Catalina Circle Drive, Hilliard, OH, 43026",pending,"5300 Catalina Circle Drive, Hilliard, OH, 43026",,,,
4a589ecc-16ce-408b-9581-b15f8ed209a9,Hilliard Station Apartments,Columbus,OH,,656,Newmark,pipeline,,unmatched,,,,,
849ad20b-8e14-4c5b-bc02-d47f92a5afac,Hyde Park Tower,Chicago,IL,,155,Colliers,manual,5140 South Hyde Park Boulevard,fetched,,,,,
9165e579-68c5-497e-bae7-d3ff23e782ff,Northpark Place,Columbus,OH,42340,472,Newmark,manual,,unmatched,,,,,
b9680b03-ee22-4bcc-8ac0-0f0e54e73296,One Superior,Chicago,IL,,809,CBRE,manual,,unmatched,,,,,
2969b824-e9ac-4e35-9366-9e220a0cf932,Project VDZ,Dallas,TX,,437,Colliers,pipeline,,pending,,,,,
004f7c68-6ef7-4912-aca7-0473d5879d35,Randall Highlands,North Aurora,IL,60542,146,Newmark,manual,1241 Ritter St,pending,1241 Ritter St,,,,
9b790d15-b1fe-4211-af32-7c7f2433991b,Sky55 & 1251 S Michigan,,,,502,Newmark,pipeline,,pending,,,,,
f8313244-3f7c-4d91-bb90-d14ce8de4565,Solano at Chapel Hill,Chapel Hill,NC,27514,240,,manual,"100 Saluda Court, Chapel Hill, NC, 27514",pending,"100 Saluda Court, Chapel Hill, NC, 27514",,,,
d5658ab2-e3dc-4dbd-ac88-27368b15125c,Solano at Chapel Hill,Chapel Hill,NC,27514,240,,manual,"100 Saluda Court, Chapel Hill, NC, 27514",pending,"100 Saluda Court, Chapel Hill, NC, 27514",,,,
22325adc-6ebe-432e-b593-e0c9a82faaea,Sugar Run at New Albany,New Albany,OH,43054,372,,manual,5501 New Albany Road East,pending,5501 New Albany Road East,,,,
bda9b7ad-b505-487c-b068-97d19d121e8f,Summerlin At Concord Apartment Homes,Concord,NC,,160,Newmark,manual,"500 Summerlake Drive Southwest, Concord, NC, 28025",fetched,,,,,
e4cef006-bc01-42d6-b4ee-be1c9ef695d2,The Boardwalk,Burlington,WI,53105,172,,manual,"232 Bridge Street, Burlington, WI, 53105",pending,"232 Bridge Street, Burlington, WI, 53105",,,,
38d50efe-f235-4d99-b5e8-b11c142295e6,The Gardens of Valley Ranch,,,,460,CBRE,pipeline,,pending,,,,,
ffcb6e2c-5029-41a8-9d4a-5fa18cddfeb9,The Greens of Fossil Lake,Fort Worth,TX,76137,288,Walker & Dunlop,manual,5960 Travertine Rd,pending,5960 Travertine Rd,,,,
116642f3-256a-4719-b959-ae782c73514b,The Quinn On Ravenglass,Raleigh,NC,27612,168,,manual,"2105 Ravenglass Place, Raleigh, NC, 27612",pending,"2105 Ravenglass Place, Raleigh, NC, 27612",,,,
0b86b868-5d99-40cb-9a31-71c22b2422fe,The Station at MacArthur,Irving,TX,75038,444,,manual,"1100 Hidden Ridge Drive, Irving, TX, 75038",fetched,,,,,
13b69674-c48a-412a-b0b3-c59f0181ff9c,The Station at MacArthur,Irving,TX,75038,444,,manual,"1100 Hidden Ridge Drive, Irving, TX, 75038",pending,"1100 Hidden Ridge Drive, Irving, TX, 75038",,,,
a717551f-26f5-475a-8462-18ced1eca0ee,Whitestone Crossing,Cedar Park,TX,78613,120,,manual,1201 West Whitestone Boulevard,fetched,,,,,
fb2735eb-0ccf-4b21-94dd-599a3d0fba50,Allston Pointe,Columbus,OH,43235,96,Newmark,manual,,unmatched,,,,,
be99f9d3-78cc-4008-b34b-f1646b25299e,Avita Alamo Heights,San Antonio,TX,,312,"Walker & Dunlop Investment Sales, LLC",pipeline,,unmatched,,,,,
e6527736-cfef-4c22-96d2-9050db074121,Brixton McKinney,McKinney,TX,75069,250,Newmark,manual,,unmatched,,,,,
51985bc3-84ed-4a10-a933-08d5df12eeaf,Link at Plano,Plano,TX,75074,245,Newmark,manual,,unmatched,,,,,
8927719c-ee62-47dc-9e67-620b007b391f,NoCa Blue,Chicago,IL,60647,138,,manual,,unmatched,,,,,
d01ef0f4-6278-4ea7-a617-77bf7b93ca4b,River Grove Station I,River Grove,IL,,138,CBRE,manual,,unmatched,,,,,
fc90ffd5-db18-4f09-9307-2f843efd95ae,Summit Ridge,Arlington,TX,76011,208,Newmark,manual,,unmatched,,,,,
aa03c322-f536-42fe-853a-094cdac7711e,The KC High Line & Quality Hill Towers Apartments,Kansas City,MO,,295,MMG Real Estate Advisors,pipeline,,unmatched,,,,,
51c58e13-a836-434f-a063-b009d696d808,Woodlake Apartments,Gurnee,IL,,260,Berkadia,pipeline,,unmatched,,,,,
eb93e8a8-415d-4502-8196-4c8adbb881e8,5 4 4 Oak,Chicago,IL,,112,W&D,manual,544 West Oak Street,fetched,,,,,
2a9b38e4-fb6c-41b1-980d-97b95606468d,731 Plymouth by 3L Living,Chicago,IL,60605,96,,manual,"731 South Plymouth Court, Chicago, IL, 60605",pending,"731 South Plymouth Court, Chicago, IL, 60605",,,,
d7981a6c-0e12-41da-b8e8-d83c2b2dd642,Amberley at Inverness,Englewood,CO,80112,96,,manual,"10450 Spring Green Drive, Englewood, CO, 80112",pending,"10450 Spring Green Drive, Englewood, CO, 80112",,,,
5387e1c0-5be5-46f1-8f5c-dbea9bf8b37f,Arlington Club Apartments,Wheeling,IL,,430,CBRE,manual,,pending,,,,,
4d6e71ca-26f8-4f8f-a19e-3486922c402c,Ashford At Geneva,Geneva,IL,,226,Newmark,manual,"390-420 Brittany Court, Geneva, IL, 60134",pending,"390-420 Brittany Court, Geneva, IL, 60134",,,,
d78ba8f2-d8f2-4707-9f77-b01b62a91f07,Atrio Apartments,Chicago,IL,60612,272,,manual,"1922 West Odgen Avenue, Chicago, IL, 60612",pending,"1922 West Odgen Avenue, Chicago, IL, 60612",,,,
f0bbb1b3-042c-4108-8724-74d26f4e5be6,Aven,Durham,NC,,144,CW,manual,,pending,,,,,
2dcfad28-7480-4e83-b726-21315c554300,Circa 922,Chicago,IL,,149,CBRE,manual,,pending,,,,,
2085f6de-6d78-499c-9501-24e0768876b1,Dobbins Hill Apartment Homes,Chapel Hill,NC,,87,CBRE,manual,"1749-1b Dobbins Drive, Chapel Hill, NC, 27514",fetched,,,,,
c007fc2e-10c9-4263-92fd-da4818ab8fa8,Drayton Hall,Etna,OH,43062,264,Newmark,manual,9760 Ashley River Dr SW,pending,9760 Ashley River Dr SW,,,,
05e6eddd-2adf-4277-b990-a80a8df86110,East Meadows,Columbus,OH,,96,Newmark,manual,5500 Hildebrand Road,fetched,,,,,
1d8b630c-2c66-44df-90c8-abb415f091c0,Elmhurst Terrace,Elmhurst,IL,,315,,manual,,pending,,,,,
f9e32022-cd6b-42a4-87e4-de8668be5f67,Estates at New Albany,New Albany,OH,,428,Newmark,manual,,pending,,,,,
b01b623b-6d1c-4942-8823-9ec4c44e368d,Fairways of Naperville,Naperville,IL,,210,,manual,"970 Fairway Drive, Naperville, IL, 60563",pending,"970 Fairway Drive, Naperville, IL, 60563",,,,
b2514b95-663e-4d11-b7e9-55b6cce90842,Gardens of Denton Apartments,Denton,TX,,384,IPA,manual,"401 Ame Drive, Denton, TX, 76207",pending,"401 Ame Drive, Denton, TX, 76207",,,,
b17b032f-f884-4596-b95b-29dd7542b911,Grove Park Apartments,Plano,TX,,188,Colliers,manual,,pending,,,,,
52cb2340-76fa-49fa-8e09-6d0f1cb6821f,independence park apartments,Durham,NC,27704,312,Berkadia,manual,215 William Penn Plaza,pending,215 William Penn Plaza,,,,
f7e55509-40f7-402a-a189-c09bd80efeff,K Square,Chicago,IL,60614,261,,manual,"1749 North Wells Street, Chicago, IL, 60614",failed,"1749 North Wells Street, Chicago, IL, 60614",,,,
30c94dda-914d-4318-9f47-0a52f075a689,Larrabee Place at Parkside of Old Town,Chicago,IL,,111,W&D,manual,545 West Division Street,fetched,,,,,
77af4e38-15a1-44dd-ba9c-d70f28c3c671,Meadows at Sunbury,Sunbury,OH,43074,120,,manual,"340 Frontier Way, Sunbury, OH, 43074",pending,"340 Frontier Way, Sunbury, OH, 43074",,,,
a8da77b8-1dcb-409f-a816-f3fbe28361f5,Mill23 At Coughlin Crossing,Delaware,OH,43015,178,,manual,"44 Kooken Place, Delaware, OH, 43015",pending,"44 Kooken Place, Delaware, OH, 43015",,,,
e34a6216-7f13-43ec-8737-616718e12d26,North Town Village,Chicago,IL,,116,W&D,manual,1311 North Halsted Street,fetched,,,,,
44bfcd47-2b25-42a5-8aa6-e71c4a6d1af6,Orion ParkView,Mount Prospect,IL,,477,JLL,manual,,pending,,,,,
ef25ec1a-4dcf-49df-ae4a-470143620406,Overlook 157,Asheville,NC,,141,None,manual,,pending,,,,,
3a607465-01b8-4714-9037-6ec52066a6c8,Quail Hill and Manchester Apartments of Fu,Fuquay Varina,NC,,64,CBRE,manual,"100-600 Quail Hill Street, Fuquay Varina, NC, 27526",fetched,,,,,
a4aae0e8-378d-4bef-9044-012062642520,Quail Ridge Apartments,Naperville,IL,,152,,manual,1669 Ishnala Drive,fetched,,,,,
73e744d3-c123-49e5-b337-50a514a76ef3,Skye at North Lamar,Austin,TX,,130,Northmarq,manual,,pending,,,,,
3a7b796a-f0c2-47e0-9c6a-dd2161f36f42,Summit at Rivery Park,Georgetown,TX,,228,IPA,manual,1400 Rivery Boulevard,fetched,,,,,
1551abfb-be47-40dc-bcff-2527ebc3e7bf,Terrace 459,Chicago,IL,,106,W&D,manual,459 West Division Street,fetched,,,,,
89f4d2da-6acd-4c96-86e8-5872291d83e2,The Aviary at Middleton Market,Middleton,WI,,263,Berkadia,manual,"7628 Lisa Lane, Middleton, WI, 53562",pending,"7628 Lisa Lane, Middleton, WI, 53562",,,,
2d47ccdc-87e6-425f-8005-1d3752fc1e2c,The Chalet 1,Irving,TX,,250,Berkadia,manual,"3424 Country Club Drive West, Irving, TX, 75038",fetched,,,,,
2eefb976-5590-43ef-8b70-bdc1753a3122,The Fairways At Edinburgh,Brooklyn Park,MN,,198,,manual,"8617 Edinbrook Crossing, Brooklyn Park, MN, 55443",pending,"8617 Edinbrook Crossing, Brooklyn Park, MN, 55443",,,,
88cff788-9120-4ac7-bc3c-0a8dd54128b5,The Franklin at Samuels Ave,Fort Worth,TX,,370,IPA,manual,,pending,,,,,
5538bd84-b7d7-4cdb-8d85-6742710b92d9,The Gramercy New Albany,New Albany,OH,,322,Newmark,manual,,pending,,,,,
0baccda7-11ed-410c-992f-980f382e0fc2,The Grove,Raleigh,NC,,178,CW,manual,,pending,,,,,
88ee2515-98dc-4629-97aa-5c466238f372,The Grove At Schaumburg,Schaumburg,IL,,367,JLL,manual,"305 Cambia Drive, Schaumburg, IL, 60193",pending,"305 Cambia Drive, Schaumburg, IL, 60193",,,,
0cd5d83b-b4e2-4a48-87c6-0692068ed421,The Grove at Schaumburg Apartments,Schaumburg,IL,,367,JLL,manual,,pending,,,,,
dc3cbecf-a8b2-4b6f-8798-ac44f32aaa8c,The Haven at Highland,Lombard,IL,,144,Rosewood Realty,manual,"2001 South Highland Avenue, Lombard, IL, 60148",pending,"2001 South Highland Avenue, Lombard, IL, 60148",,,,
e45f3a1f-cced-4599-8024-2c2054235959,The Lawson House,Chicago,IL,,409,W&D,manual,"30 West Chicago Avenue, Chicago, IL, 60654",fetched,,,,,
998e3947-7c0e-439c-9bc3-01667106e220,The Townhomes at Highcrest,Woodridge,IL,,176,,manual,"3296 83rd Street, Woodridge, IL, 60517",pending,"3296 83rd Street, Woodridge, IL, 60517",,,,
bbd15bdc-b959-4540-b202-94d903f7d3fb,The View At Lakeside,Lewisville,TX,,360,W&D,manual,"901 Lakeside Circle, Lewisville, TX, 75057",pending,"901 Lakeside Circle, Lewisville, TX, 75057",,,,
8ea37ee7-01eb-4776-a14c-5b35f73f3695,Timberlinks At Denton,Denton,TX,,481,Berkadia,manual,,pending,,,,,
